Vértices,Densidade,Arestas,Dijkstra Clássico (ms),Artigo/Faixas (ms),Bellman-Ford (ms)
50,0.2,485.2,0.25430000096093863,0.09654000023147091,5.701360001694411
50,0.8,1958.2,0.39136000123107806,0.24750000011408702,24.4546799978707
100,0.2,1943.6,1.0701999999582767,0.30208000098355114,47.29075999930501
100,0.5,4942.6,1.2712199983070605,0.5732800025725737,119.35042000113754
100,0.8,7920.4,1.4731000002939254,0.9012599984998815,189.77533999859588
200,0.2,7971.2,3.601020001224242,0.9503400011453778,378.09897999977693
300,0.1,8980.4,8.000759997230489,1.2245000019902363,645.2466400005505
